Moving orphaned modules to src/_unused/depWarnings/...

- Moved: src/utils/progressiveReveal.ts → src/_unused/depWarnings/progressiveReveal.ts
- Moved: src/utils/icons.ts → src/_unused/depWarnings/icons.ts
- Moved: src/data/aboutSectionData.ts → src/_unused/depWarnings/aboutSectionData.ts
- Moved: src/composables/useScrollAnimation.ts → src/_unused/depWarnings/useScrollAnimation.ts
- Moved: src/composables/useElementPositioning.js → src/_unused/depWarnings/useElementPositioning.js
- Moved: src/components/NotFound.vue → src/_unused/depWarnings/NotFound.vue
- Moved: src/animations/strugglesOffersTabs.ts → src/_unused/depWarnings/strugglesOffersTabs.ts
- Moved: src/animations/servicesSection.ts → src/_unused/depWarnings/servicesSection.ts
- Moved: src/animations/heroSection.ts → src/_unused/depWarnings/heroSection.ts
- Moved: src/animations/contactSection.ts → src/_unused/depWarnings/contactSection.ts
- Moved: src/animations/aboutSectionAlt.ts → src/_unused/depWarnings/aboutSectionAlt.ts

Process complete. Check orphaned-modules-move-log-20250326162350.txt for details.
To restore files, run: bash restore-orphaned-modules.sh
